fold,era,feature,ic_oos
1,1,close_ema20_atr,0.030901277334327584
1,1,close_ema50_atr,0.039816229519186806
1,1,close_ema200_atr,0.03080298270841033
1,1,ema20_ema50_atr,0.042103196737065064
1,1,macd_hist_atr,0.015810220876488906
1,1,roc20_atr,0.07501260015012083
1,1,atr_close,-0.014504913765809157
1,1,atr_fast_slow,-0.02000926071312281
1,1,bb_width_close,0.026450081393820983
1,1,range_atr,-0.01862450092840025
1,1,upper_wick_ratio,0.0025278998817043507
1,1,lower_wick_ratio,-0.02672711309595861
1,1,ret1_atr,-0.018815172095210695
1,1,ret2_atr,-0.013156415088564844
1,1,ret3_atr,-0.014036209864869625
1,1,ret4_atr,-0.015058092766743737
1,1,ret5_atr,-0.00976490614081803
1,1,tod_sin,0.00036241011660450017
1,1,tod_cos,0.07644905305558908
1,1,dow_sin,-0.046717117468485427
1,1,dow_cos,0.002841108389142916
1,1,session_asia,0.05126681724816323
1,1,session_london,-0.07646829108048486
1,1,session_newyork,-0.0042328313333857785
1,1,session_london_ny_overlap,-0.01851374410457358
2,1,close_ema20_atr,-0.023671518060791492
2,1,close_ema50_atr,-0.022741350825910136
2,1,close_ema200_atr,-0.034391117082365204
2,1,ema20_ema50_atr,-0.019187163423996442
2,1,macd_hist_atr,0.013234543563769064
2,1,roc20_atr,0.016012334341693316
2,1,atr_close,0.06746117059157922
2,1,atr_fast_slow,0.01638528629633953
2,1,bb_width_close,0.036994045650932665
2,1,range_atr,0.03285930205013039
2,1,upper_wick_ratio,0.033477491890417696
2,1,lower_wick_ratio,-0.02072674336327308
2,1,ret1_atr,-0.03906394807601341
2,1,ret2_atr,-0.04618474551168526
2,1,ret3_atr,-0.048400070901351434
2,1,ret4_atr,-0.03965784385377505
2,1,ret5_atr,-0.025893593117766112
2,1,tod_sin,-0.07885988963057351
2,1,tod_cos,-0.02948460604458322
2,1,dow_sin,-0.0654339251739404
2,1,dow_cos,-0.05216892708940523
2,1,session_asia,-0.06265828857503103
2,1,session_london,0.0341948023224226
2,1,session_newyork,0.05778638190306849
2,1,session_london_ny_overlap,0.07732524746500569
3,1,close_ema20_atr,-0.006937392457639394
3,1,close_ema50_atr,-0.047566888818339384
3,1,close_ema200_atr,-0.05167537973050428
3,1,ema20_ema50_atr,-0.08293855519391656
3,1,macd_hist_atr,0.08019358639939676
3,1,roc20_atr,-0.007354756355717322
3,1,atr_close,0.020434346180173618
3,1,atr_fast_slow,-0.013680871882210288
3,1,bb_width_close,0.040850116575668206
3,1,range_atr,-0.03317500611598393
3,1,upper_wick_ratio,0.0044311240187331884
3,1,lower_wick_ratio,0.0022299781347805184
3,1,ret1_atr,-0.03797727080100459
3,1,ret2_atr,-0.018459646287080404
3,1,ret3_atr,-0.011358018275471147
3,1,ret4_atr,0.01571664289005901
3,1,ret5_atr,0.020984715835611734
3,1,tod_sin,0.0324384534560609
3,1,tod_cos,0.06633993243682859
3,1,dow_sin,0.013693944139218128
3,1,dow_cos,-0.001956381529456104
3,1,session_asia,0.056192167695096024
3,1,session_london,-0.04371309699617559
3,1,session_newyork,-0.0632341173424247
3,1,session_london_ny_overlap,-0.026040369048118045
4,1,close_ema20_atr,-0.019338877063555058
4,1,close_ema50_atr,-0.025312948839800724
4,1,close_ema200_atr,-0.036055953126884296
4,1,ema20_ema50_atr,-0.0257858608405107
4,1,macd_hist_atr,0.03266998648238528
4,1,roc20_atr,-0.014362184113840298
4,1,atr_close,0.08168889455659531
4,1,atr_fast_slow,0.05625525056086743
4,1,bb_width_close,0.04479927707035374
4,1,range_atr,-0.03300394753671525
4,1,upper_wick_ratio,-0.023658407130608627
4,1,lower_wick_ratio,-0.005347368853585335
4,1,ret1_atr,-0.007637025306560372
4,1,ret2_atr,-0.016294945329053727
4,1,ret3_atr,-0.01925285337283295
4,1,ret4_atr,-0.026049271019282533
4,1,ret5_atr,-0.018256308087133393
4,1,tod_sin,-0.1282510273467749
4,1,tod_cos,0.09165262708224502
4,1,dow_sin,-0.02441052764066136
4,1,dow_cos,0.02463556936886905
4,1,session_asia,-0.015538399369602107
4,1,session_london,-0.08534248926924595
4,1,session_newyork,0.05292272910967429
4,1,session_london_ny_overlap,-0.028338632866663428
5,1,close_ema20_atr,-0.050906548162248065
5,1,close_ema50_atr,-0.052019762342569296
5,1,close_ema200_atr,-0.04143037683765196
5,1,ema20_ema50_atr,-0.04974751318632798
5,1,macd_hist_atr,-0.014106814670211819
5,1,roc20_atr,-0.07812573251253657
5,1,atr_close,0.056260363291745656
5,1,atr_fast_slow,0.03779169269955631
5,1,bb_width_close,-0.017637017362117643
5,1,range_atr,-0.019531672520412862
5,1,upper_wick_ratio,0.014995808866172302
5,1,lower_wick_ratio,0.01520250266531046
5,1,ret1_atr,-0.028721836083976188
5,1,ret2_atr,-0.045777460611339485
5,1,ret3_atr,-0.052777591447694595
5,1,ret4_atr,-0.05005196003842285
5,1,ret5_atr,-0.060959435528416976
5,1,tod_sin,-0.07784056601559526
5,1,tod_cos,-0.007939914739964013
5,1,dow_sin,-0.016353320373542278
5,1,dow_cos,-0.04585245392836568
5,1,session_asia,-0.031704666503516735
5,1,session_london,0.013883788531067698
5,1,session_newyork,0.02229384782699536
5,1,session_london_ny_overlap,0.033620013126616076
6,1,close_ema20_atr,-0.009905378929943132
6,1,close_ema50_atr,0.005163713658398866
6,1,close_ema200_atr,0.010163458736123399
6,1,ema20_ema50_atr,0.012903560526217047
6,1,macd_hist_atr,-0.0015378536201575434
6,1,roc20_atr,-0.021543219035308883
6,1,atr_close,0.0005537479562315118
6,1,atr_fast_slow,0.039997272521048295
6,1,bb_width_close,-0.0032772641648604038
6,1,range_atr,-0.00814379114468444
6,1,upper_wick_ratio,0.009532650198939835
6,1,lower_wick_ratio,-0.011999444553259981
6,1,ret1_atr,-0.012918519469224881
6,1,ret2_atr,-0.009082124101578026
6,1,ret3_atr,-0.007250938969015863
6,1,ret4_atr,-0.006760387004626101
6,1,ret5_atr,-0.010208327611768145
6,1,tod_sin,0.006182108547670439
6,1,tod_cos,-0.00484003964269744
6,1,dow_sin,-0.024796873065937784
6,1,dow_cos,-0.0679154105093411
6,1,session_asia,-0.03258689878768883
6,1,session_london,0.018454273855296945
6,1,session_newyork,-0.013196584052805677
6,1,session_london_ny_overlap,-0.02033628425106056
7,2,close_ema20_atr,-0.057414463063243285
7,2,close_ema50_atr,-0.05500298183694458
7,2,close_ema200_atr,-0.03276037222100609
7,2,ema20_ema50_atr,-0.03711923554685973
7,2,macd_hist_atr,-0.007169182709134256
7,2,roc20_atr,-0.06350963468873762
7,2,atr_close,0.05810693013721865
7,2,atr_fast_slow,0.016228699044038366
7,2,bb_width_close,0.09281052848062234
7,2,range_atr,-0.043117539724181614
7,2,upper_wick_ratio,0.009098983122849551
7,2,lower_wick_ratio,-0.015484616328653288
7,2,ret1_atr,-0.04874256294580413
7,2,ret2_atr,-0.04836275807568654
7,2,ret3_atr,-0.04888719747092587
7,2,ret4_atr,-0.051041680562343296
7,2,ret5_atr,-0.04458423415132803
7,2,tod_sin,0.04577877808904634
7,2,tod_cos,0.10623086987087027
7,2,dow_sin,-0.0015879385038753526
7,2,dow_cos,0.05961932231676993
7,2,session_asia,0.10874333004932737
7,2,session_london,-0.07707064475335165
7,2,session_newyork,-0.059093580439584494
7,2,session_london_ny_overlap,-0.008697730546738275
8,2,close_ema20_atr,-0.08664546516733385
8,2,close_ema50_atr,-0.08699632314032527
8,2,close_ema200_atr,-0.09547047689666718
8,2,ema20_ema50_atr,-0.0749203071626837
8,2,macd_hist_atr,-0.07946916423259973
8,2,roc20_atr,-0.08313187201567566
8,2,atr_close,0.07043882497999482
8,2,atr_fast_slow,0.08491252496626099
8,2,bb_width_close,0.04383710684157763
8,2,range_atr,-0.03743374403830856
8,2,upper_wick_ratio,-0.002594136010135994
8,2,lower_wick_ratio,-0.016534929022103673
8,2,ret1_atr,-0.00683241904176394
8,2,ret2_atr,-0.019225138647362694
8,2,ret3_atr,-0.03289124012509017
8,2,ret4_atr,-0.031130480040880266
8,2,ret5_atr,-0.03861788618636964
8,2,tod_sin,-0.11568692082006601
8,2,tod_cos,0.08508431454843957
8,2,dow_sin,-0.027949511719221557
8,2,dow_cos,-0.07198184112405015
8,2,session_asia,-0.023550144997626334
8,2,session_london,-0.08897319958219442
8,2,session_newyork,0.07261938609274432
8,2,session_london_ny_overlap,-0.02399685619961971
9,2,close_ema20_atr,-0.010954125473561383
9,2,close_ema50_atr,-0.014161985582045213
9,2,close_ema200_atr,0.009303244121742292
9,2,ema20_ema50_atr,-0.01814497454062068
9,2,macd_hist_atr,-0.009305878706414734
9,2,roc20_atr,0.0053805640539613
9,2,atr_close,0.0264009860170776
9,2,atr_fast_slow,0.07384902987408182
9,2,bb_width_close,0.047671245453643804
9,2,range_atr,-0.011018979326839567
9,2,upper_wick_ratio,-0.008365671788325181
9,2,lower_wick_ratio,-0.041016489147692514
9,2,ret1_atr,-0.01079888153086966
9,2,ret2_atr,-0.0030946198604520293
9,2,ret3_atr,0.013758840868143801
9,2,ret4_atr,0.01899157525585062
9,2,ret5_atr,0.01131851441233401
9,2,tod_sin,-0.03304222751941006
9,2,tod_cos,0.1116891471947549
9,2,dow_sin,0.008814180720783037
9,2,dow_cos,-0.03019547998766799
9,2,session_asia,0.074481942997212
9,2,session_london,-0.08180900933748902
9,2,session_newyork,-0.023394697908096344
9,2,session_london_ny_overlap,-0.007479270974031547
10,2,close_ema20_atr,0.014966862136620702
10,2,close_ema50_atr,0.014668130866115955
10,2,close_ema200_atr,0.027584885911177404
10,2,ema20_ema50_atr,0.015378631487454494
10,2,macd_hist_atr,0.02488266845882681
10,2,roc20_atr,0.0203853307619063
10,2,atr_close,-0.04032474737227977
10,2,atr_fast_slow,0.0370131472468593
10,2,bb_width_close,-0.0020895119437636745
10,2,range_atr,0.038740381932996885
10,2,upper_wick_ratio,0.019637111631567675
10,2,lower_wick_ratio,-0.043661197527892624
10,2,ret1_atr,-0.009305066277631736
10,2,ret2_atr,-0.006340818022737071
10,2,ret3_atr,0.007770130100682203
10,2,ret4_atr,0.007961800936503583
10,2,ret5_atr,0.003447436373319562
10,2,tod_sin,0.013024401000745062
10,2,tod_cos,-0.03769104025861928
10,2,dow_sin,-0.029479675812229083
10,2,dow_cos,-0.04690835228698055
10,2,session_asia,-0.025709458354343705
10,2,session_london,0.03348668802469254
10,2,session_newyork,-0.00548137052711647
10,2,session_london_ny_overlap,0.0026737774057638596
11,2,close_ema20_atr,-0.04321363929092925
11,2,close_ema50_atr,-0.014848054899077437
11,2,close_ema200_atr,0.006914580880152607
11,2,ema20_ema50_atr,0.015702251423516497
11,2,macd_hist_atr,-0.058020001814789224
11,2,roc20_atr,-0.0014169802823286448
11,2,atr_close,-0.01666434085002667
11,2,atr_fast_slow,0.04429799127089881
11,2,bb_width_close,0.0037027735818346034
11,2,range_atr,-0.051697660125619285
11,2,upper_wick_ratio,0.04064857540518343
11,2,lower_wick_ratio,-0.05106400374169986
11,2,ret1_atr,-0.03265302756161181
11,2,ret2_atr,-0.04527557362214049
11,2,ret3_atr,-0.03796420485513715
11,2,ret4_atr,-0.02873089071790021
11,2,ret5_atr,-0.03825188712288436
11,2,tod_sin,-0.003455645818319112
11,2,tod_cos,0.1412796435208731
11,2,dow_sin,0.01362077226267749
11,2,dow_cos,0.07024504767953678
11,2,session_asia,0.05340465260165578
11,2,session_london,-0.10222466639155892
11,2,session_newyork,-0.022408842004652756
11,2,session_london_ny_overlap,-0.05678735276479532
12,2,close_ema20_atr,0.021643520629110454
12,2,close_ema50_atr,0.04193705792333493
12,2,close_ema200_atr,0.03952578483550138
12,2,ema20_ema50_atr,0.052804951759049444
12,2,macd_hist_atr,-0.009669074368994524
12,2,roc20_atr,0.011921525460489557
12,2,atr_close,-0.021639021166285834
12,2,atr_fast_slow,-0.005028098685276455
12,2,bb_width_close,-0.000735145127525682
12,2,range_atr,0.008872586012593121
12,2,upper_wick_ratio,0.014617163553189545
12,2,lower_wick_ratio,-0.05066887753192122
12,2,ret1_atr,0.016221485377290096
12,2,ret2_atr,0.02501595072944649
12,2,ret3_atr,0.021770630393884507
12,2,ret4_atr,0.019300267142006854
12,2,ret5_atr,0.014308662748465227
12,2,tod_sin,-0.014485490898830892
12,2,tod_cos,0.012481563354695673
12,2,dow_sin,-0.03554439990079167
12,2,dow_cos,-0.05577494514535025
12,2,session_asia,-0.029831512037217664
12,2,session_london,-0.0020820964701640317
12,2,session_newyork,0.01604450931557771
12,2,session_london_ny_overlap,-0.0072142192056678075
13,3,close_ema20_atr,0.04743959824088995
13,3,close_ema50_atr,0.04293547690371442
13,3,close_ema200_atr,0.05284547756500787
13,3,ema20_ema50_atr,0.033898940139403026
13,3,macd_hist_atr,0.036331982154345355
13,3,roc20_atr,0.03928950320239643
13,3,atr_close,-0.0654402470750326
13,3,atr_fast_slow,0.0036544063680899624
13,3,bb_width_close,-0.06584402474560291
13,3,range_atr,0.024948791101624703
13,3,upper_wick_ratio,0.004060324142441449
13,3,lower_wick_ratio,-0.01174604933515549
13,3,ret1_atr,-0.014891462768391248
13,3,ret2_atr,-0.004342601602807986
13,3,ret3_atr,0.005613813932722745
13,3,ret4_atr,0.014844022950207461
13,3,ret5_atr,0.03665632753046971
13,3,tod_sin,0.007083788627143505
13,3,tod_cos,-0.021489512097648822
13,3,dow_sin,-0.009823897822033426
13,3,dow_cos,-0.027918608314881303
13,3,session_asia,-0.009754452478831393
13,3,session_london,0.03252828889677462
13,3,session_newyork,-0.004227777692185919
13,3,session_london_ny_overlap,0.03377557584828434
14,3,close_ema20_atr,-0.021565792212255804
14,3,close_ema50_atr,-0.03920887216245523
14,3,close_ema200_atr,-0.07300127841139906
14,3,ema20_ema50_atr,-0.045245113486523804
14,3,macd_hist_atr,-0.015645067735451813
14,3,roc20_atr,-0.03949901689496501
14,3,atr_close,0.04519683745612091
14,3,atr_fast_slow,0.03384995739110663
14,3,bb_width_close,-0.0007724731512107354
14,3,range_atr,0.024547651241922302
14,3,upper_wick_ratio,0.023064289805285992
14,3,lower_wick_ratio,-0.019351297435159044
14,3,ret1_atr,0.003995392021358658
14,3,ret2_atr,0.02069970212974602
14,3,ret3_atr,0.03865459446665728
14,3,ret4_atr,0.03527065049016438
14,3,ret5_atr,0.027532654138409256
14,3,tod_sin,-0.05363380893708108
14,3,tod_cos,-0.005839398972156172
14,3,dow_sin,-0.024838731550606737
14,3,dow_cos,-0.03118916937431519
14,3,session_asia,-0.0667520837105334
14,3,session_london,0.010332269881779299
14,3,session_newyork,0.05320585196358316
14,3,session_london_ny_overlap,0.013317752775128217
15,3,close_ema20_atr,-0.05834176053313935
15,3,close_ema50_atr,-0.0527148373017641
15,3,close_ema200_atr,-0.03661426051248085
15,3,ema20_ema50_atr,-0.03312852629035124
15,3,macd_hist_atr,-0.06423080529025703
15,3,roc20_atr,-0.07777568225028725
15,3,atr_close,0.0010079265230994994
15,3,atr_fast_slow,0.009649584324090632
15,3,bb_width_close,0.005722543606986172
15,3,range_atr,-0.036578577997359786
15,3,upper_wick_ratio,0.015996268715743615
15,3,lower_wick_ratio,-0.02372985496090589
15,3,ret1_atr,0.007442010296827178
15,3,ret2_atr,0.015530223048255827
15,3,ret3_atr,-0.006579612395187046
15,3,ret4_atr,-0.01533082471385755
15,3,ret5_atr,-0.032193083991833696
15,3,tod_sin,0.009866368647976326
15,3,tod_cos,0.06246953060828992
15,3,dow_sin,0.006666929612153636
15,3,dow_cos,-0.006396382181372494
15,3,session_asia,0.010642642845107356
15,3,session_london,-0.03378515193356096
15,3,session_newyork,-0.033587476329105415
15,3,session_london_ny_overlap,-0.060072179882044455
16,3,close_ema20_atr,0.034445260155337436
16,3,close_ema50_atr,0.034538627450382796
16,3,close_ema200_atr,0.0044036634940807125
16,3,ema20_ema50_atr,0.018133688567470527
16,3,macd_hist_atr,0.023409861116610357
16,3,roc20_atr,-0.0004187879448578829
16,3,atr_close,0.0005699757835539496
16,3,atr_fast_slow,-0.050079685776850826
16,3,bb_width_close,0.017734383378941617
16,3,range_atr,0.004620035203611569
16,3,upper_wick_ratio,-0.012185080737011699
16,3,lower_wick_ratio,0.020641632418337386
16,3,ret1_atr,0.0119702202345728
16,3,ret2_atr,0.017710144278251898
16,3,ret3_atr,0.028756120481862987
16,3,ret4_atr,0.030014155259355975
16,3,ret5_atr,0.025739612299768004
16,3,tod_sin,-0.019612480124277805
16,3,tod_cos,0.0053942057294950885
16,3,dow_sin,-0.014277972820985075
16,3,dow_cos,-0.00954765826612486
16,3,session_asia,-0.029112297450182092
16,3,session_london,0.0015111261642048554
16,3,session_newyork,0.02396687877955009
16,3,session_london_ny_overlap,0.004057698606473255
17,3,close_ema20_atr,-0.04009643987137085
17,3,close_ema50_atr,-0.016520014514601222
17,3,close_ema200_atr,-0.01781953922855714
17,3,ema20_ema50_atr,0.015226448546000797
17,3,macd_hist_atr,-0.05271079686143593
17,3,roc20_atr,-0.004138678196194918
17,3,atr_close,-0.0667882302637269
17,3,atr_fast_slow,-0.015968804801052408
17,3,bb_width_close,-0.028567430611758867
17,3,range_atr,0.000447992745663298
17,3,upper_wick_ratio,0.00611719086315302
17,3,lower_wick_ratio,-0.00983282698941274
17,3,ret1_atr,-0.034968731804976734
17,3,ret2_atr,-0.04292170517633668
17,3,ret3_atr,-0.06525357503849112
17,3,ret4_atr,-0.061496380519152016
17,3,ret5_atr,-0.0553823023652718
17,3,tod_sin,0.03224990708803249
17,3,tod_cos,-0.04068291149422108
17,3,dow_sin,0.07074275033222632
17,3,dow_cos,-0.027585170569544334
17,3,session_asia,-0.01226337876244001
17,3,session_london,0.04265481428224593
17,3,session_newyork,-0.015586507882428659
17,3,session_london_ny_overlap,0.019742514823804
18,3,close_ema20_atr,-0.004032246902342008
18,3,close_ema50_atr,0.007281724558727668
18,3,close_ema200_atr,-0.02238326124924361
18,3,ema20_ema50_atr,0.021400351713992422
18,3,macd_hist_atr,-0.00304033777598581
18,3,roc20_atr,0.010005818626297623
18,3,atr_close,-0.07989525040191456
18,3,atr_fast_slow,-0.07234563672878
18,3,bb_width_close,-0.029399967396734346
18,3,range_atr,0.010488681147882938
18,3,upper_wick_ratio,0.01619854197874731
18,3,lower_wick_ratio,-0.021630265010588068
18,3,ret1_atr,-0.04467179275482512
18,3,ret2_atr,-0.04785365573005756
18,3,ret3_atr,-0.050446685443514265
18,3,ret4_atr,-0.03214178370944558
18,3,ret5_atr,-0.026216044371762236
18,3,tod_sin,0.06592055897490129
18,3,tod_cos,-0.07408018937854555
18,3,dow_sin,-0.045910737241572984
18,3,dow_cos,-0.04649660072239163
18,3,session_asia,-0.018147086589271617
18,3,session_london,0.055081119653219976
18,3,session_newyork,-0.019171133456962218
18,3,session_london_ny_overlap,0.014150701258256652
19,4,close_ema20_atr,-0.004549915668250034
19,4,close_ema50_atr,0.011434882552043578
19,4,close_ema200_atr,-0.015423594828173069
19,4,ema20_ema50_atr,0.018564699211589306
19,4,macd_hist_atr,-0.002113241320984087
19,4,roc20_atr,0.02328556239164072
19,4,atr_close,-0.026849697378603526
19,4,atr_fast_slow,-0.0324882136014265
19,4,bb_width_close,-0.010601770925802641
19,4,range_atr,-0.015026975374473865
19,4,upper_wick_ratio,-0.0022819890666793676
19,4,lower_wick_ratio,0.005085335222922972
19,4,ret1_atr,-0.021187116450459943
19,4,ret2_atr,-0.029439542014950304
19,4,ret3_atr,-0.033929582969903005
19,4,ret4_atr,-0.030843928446512327
19,4,ret5_atr,-0.03616381314291028
19,4,tod_sin,0.021136241106101718
19,4,tod_cos,0.020627644003627807
19,4,dow_sin,-0.004626553550169119
19,4,dow_cos,-0.0015224810132750033
19,4,session_asia,0.03271361934050703
19,4,session_london,-0.02310395697041327
19,4,session_newyork,-0.027986418179202537
19,4,session_london_ny_overlap,-0.018085834064782473
20,4,close_ema20_atr,-0.013671128116548255
20,4,close_ema50_atr,-0.009632895765741762
20,4,close_ema200_atr,-0.014537103455884997
20,4,ema20_ema50_atr,0.0014765221047208206
20,4,macd_hist_atr,0.0016919143507929482
20,4,roc20_atr,-0.021731279307312636
20,4,atr_close,0.019136028555416334
20,4,atr_fast_slow,0.015645965013060936
20,4,bb_width_close,-0.033787478298683116
20,4,range_atr,-0.024033569711578544
20,4,upper_wick_ratio,0.056720874393422493
20,4,lower_wick_ratio,-0.03465687089895202
20,4,ret1_atr,-0.0323612510215153
20,4,ret2_atr,-0.034940618262911706
20,4,ret3_atr,-0.03111105587788272
20,4,ret4_atr,-0.011822484745571661
20,4,ret5_atr,0.00028924882518046837
20,4,tod_sin,-0.02597543423696338
20,4,tod_cos,0.021512011938948465
20,4,dow_sin,-0.036910918481605395
20,4,dow_cos,-0.015345146262084445
20,4,session_asia,0.00970340687298043
20,4,session_london,-0.01790663458453869
20,4,session_newyork,0.0013267089454530724
20,4,session_london_ny_overlap,-0.0013619899975218892
21,4,close_ema20_atr,-0.02296800930292399
21,4,close_ema50_atr,-0.04663097700383404
21,4,close_ema200_atr,-0.08015658855169232
21,4,ema20_ema50_atr,-0.07157374558696791
21,4,macd_hist_atr,-0.013488868591465551
21,4,roc20_atr,0.008814672522242497
21,4,atr_close,0.01926812791573512
21,4,atr_fast_slow,-0.02245136730654833
21,4,bb_width_close,-0.008644215299167151
21,4,range_atr,0.0016590774515317782
21,4,upper_wick_ratio,0.01584551215933402
21,4,lower_wick_ratio,-0.019090311576512364
21,4,ret1_atr,0.01956867781827301
21,4,ret2_atr,0.02593456960508074
21,4,ret3_atr,0.017761581975483
21,4,ret4_atr,0.009723343149267477
21,4,ret5_atr,-0.010043482526171866
21,4,tod_sin,-0.02519793536619126
21,4,tod_cos,0.047882498188311605
21,4,dow_sin,0.0008064870364861851
21,4,dow_cos,-0.02596672074948238
21,4,session_asia,0.0030169926193654504
21,4,session_london,-0.025631221453622226
21,4,session_newyork,0.01355291084826025
21,4,session_london_ny_overlap,0.018914475013265666
22,4,close_ema20_atr,0.018333191672554473
22,4,close_ema50_atr,0.009904484940087648
22,4,close_ema200_atr,0.024713934607559558
22,4,ema20_ema50_atr,-0.003783934721932632
22,4,macd_hist_atr,0.025462161763226725
22,4,roc20_atr,0.002922295157581218
22,4,atr_close,-0.0416947757289503
22,4,atr_fast_slow,-0.01802389772864201
22,4,bb_width_close,-0.04201490039548579
22,4,range_atr,0.019403784472441805
22,4,upper_wick_ratio,0.013979261462674659
22,4,lower_wick_ratio,-0.005185109318660721
22,4,ret1_atr,-0.0030986598144283396
22,4,ret2_atr,-0.009524079408519162
22,4,ret3_atr,0.005469844329046124
22,4,ret4_atr,0.01877334494027783
22,4,ret5_atr,0.024645772158014053
22,4,tod_sin,-0.03895961891288674
22,4,tod_cos,-0.019047186569839034
22,4,dow_sin,0.03278314241913654
22,4,dow_cos,-0.05485023127047737
22,4,session_asia,-0.03135472635296924
22,4,session_london,-0.0011078172296684122
22,4,session_newyork,0.046757823571151
22,4,session_london_ny_overlap,0.025092299263087963
23,4,close_ema20_atr,-0.0073357108729669275
23,4,close_ema50_atr,-0.010113775291193795
23,4,close_ema200_atr,0.001733345571374926
23,4,ema20_ema50_atr,-0.011806708434887615
23,4,macd_hist_atr,0.01081560266502263
23,4,roc20_atr,-0.029791067198330384
23,4,atr_close,0.010146134789626091
23,4,atr_fast_slow,0.01315699090237045
23,4,bb_width_close,-0.0016304966456127527
23,4,range_atr,-0.025260672509883838
23,4,upper_wick_ratio,0.02705759075450747
23,4,lower_wick_ratio,-0.009460877336608508
23,4,ret1_atr,-0.010107421274793547
23,4,ret2_atr,-0.010178547605282732
23,4,ret3_atr,-0.0068987327743185575
23,4,ret4_atr,-0.0045428671519655486
23,4,ret5_atr,0.003589126324735802
23,4,tod_sin,0.012873673995966457
23,4,tod_cos,0.019739222976820712
23,4,dow_sin,0.00986133555925037
23,4,dow_cos,-0.03540060463026405
23,4,session_asia,0.017507072865497884
23,4,session_london,-0.017035403678798695
23,4,session_newyork,-0.02322185959421465
23,4,session_london_ny_overlap,-0.02356126662439102
24,4,close_ema20_atr,-0.04840678013525342
24,4,close_ema50_atr,-0.06675689447817022
24,4,close_ema200_atr,-0.03276157839922663
24,4,ema20_ema50_atr,-0.07293707998278949
24,4,macd_hist_atr,-0.013402515561410675
24,4,roc20_atr,-0.0209219028234097
24,4,atr_close,0.023292416174091213
24,4,atr_fast_slow,0.01621874989645339
24,4,bb_width_close,0.09147227579746041
24,4,range_atr,-0.007552735736989425
24,4,upper_wick_ratio,0.02671857154671152
24,4,lower_wick_ratio,-0.02501052855974426
24,4,ret1_atr,-0.004995322916005596
24,4,ret2_atr,-0.0027478645571480833
24,4,ret3_atr,-0.013728750909397883
24,4,ret4_atr,-0.009480818703307923
24,4,ret5_atr,-0.021474744486366222
24,4,tod_sin,0.007482092014755386
24,4,tod_cos,0.0003314101875244447
24,4,dow_sin,-0.0019597297983147905
24,4,dow_cos,0.02330682672465552
24,4,session_asia,-0.02642740369299937
24,4,session_london,0.019216437495766715
24,4,session_newyork,3.3424940320498716e-05
24,4,session_london_ny_overlap,0.0029278178839799566
25,4,close_ema20_atr,-0.000778110292966905
25,4,close_ema50_atr,0.03779717712839882
25,4,close_ema200_atr,0.05486397796650445
25,4,ema20_ema50_atr,0.06593474124295749
25,4,macd_hist_atr,-0.06298963384170693
25,4,roc20_atr,0.030222891116540522
25,4,atr_close,0.04483000763237909
25,4,atr_fast_slow,0.03953553234324165
25,4,bb_width_close,0.03391480976105961
25,4,range_atr,-0.09548742249765543
25,4,upper_wick_ratio,-0.0032116597033312044
25,4,lower_wick_ratio,-0.0617712465340128
25,4,ret1_atr,0.026167572331732926
25,4,ret2_atr,0.022149888930196496
25,4,ret3_atr,0.02690918029749572
25,4,ret4_atr,0.0159070948654748
25,4,ret5_atr,-0.000796963747398256
25,4,tod_sin,-0.02649191274937405
25,4,tod_cos,0.12585699209917356
25,4,dow_sin,-0.024412067992086513
25,4,dow_cos,-0.08165526852764704
25,4,session_asia,0.02777116371457373
25,4,session_london,-0.10265409901707552
25,4,session_newyork,0.005706062491214033
25,4,session_london_ny_overlap,-0.060293776093532786
